filename,width,height,class,xmin,ymin,xmax,ymax
404680972_313474311613996_1822019659450299110_n_jpg.rf.939a9f31fef4356294626989a658feb3.jpg,640,640,School-Uniform-xN2H,0,189,234,510
404680972_313474311613996_1822019659450299110_n_jpg.rf.939a9f31fef4356294626989a658feb3.jpg,640,640,School-Uniform-xN2H,187,201,308,451
404680972_313474311613996_1822019659450299110_n_jpg.rf.939a9f31fef4356294626989a658feb3.jpg,640,640,School-Uniform-xN2H,261,199,383,440
404680972_313474311613996_1822019659450299110_n_jpg.rf.939a9f31fef4356294626989a658feb3.jpg,640,640,School-Uniform-xN2H,362,203,480,458
404680972_313474311613996_1822019659450299110_n_jpg.rf.939a9f31fef4356294626989a658feb3.jpg,640,640,School-Uniform-xN2H,477,181,630,465
bd211ef4-fe70-4d8f-b8fb-39ae11f68155_jpeg.rf.915bf3ed662236120ba9cab618236e69.jpg,640,640,School-Uniform-xN2H,195,102,506,640
b5ac20a6-793a-4b16-a77c-c6e86d2bfd0d_jpeg.rf.91f91c28afde3c6ee89ab7fe7f4754c2.jpg,640,640,School-Uniform-xN2H,29,141,640,550
2a2cdea5-5dd9-4d05-9b83-38a47a2b110f_jpeg.rf.8fd08ec3b1411e8ce94a95df70713032.jpg,640,640,School-Uniform-xN2H,80,89,270,404
2a2cdea5-5dd9-4d05-9b83-38a47a2b110f_jpeg.rf.8fd08ec3b1411e8ce94a95df70713032.jpg,640,640,School-Uniform-xN2H,174,25,518,531
377775272_688771223156958_915341468898012756_n_jpg.rf.93008cbb1cc9ba929e07289c92e86c83.jpg,640,640,Not School Uniform,0,54,517,435
403415231_1013081126417532_7331559941970254160_n_jpg.rf.8e702b19333d50ef9ad8f5f97dd63668.jpg,640,640,School-Uniform-xN2H,103,67,640,481
5d4ee7ff-c1eb-4a51-bf24-3cb84e4b6c1e_jpeg.rf.9d87395322b43e69f7d4b8813bba36ce.jpg,640,640,School-Uniform-xN2H,199,109,385,639
efecc458-a9df-4519-bfc8-3583939c1724_jpeg.rf.923bf7b58cc5c66ade8b07d860058e9e.jpg,640,640,School-Uniform-xN2H,61,143,531,444
386440996_267963692571381_568397726139512342_n_jpg.rf.9da2b252d4597a3f42d709ad6229e92e.jpg,640,640,School-Uniform-xN2H,161,181,536,468
8ddaf11d-5672-4e51-99fb-564c281928a0_jpeg.rf.9daeabc970d18a2c399774dd58ca7856.jpg,640,640,School-Uniform-xN2H,186,45,429,529
371503510_1745986452571293_8550475069339238554_n_jpg.rf.99548e6508302fa509a75bc6feb9d2e2.jpg,640,640,School-Uniform-xN2H,0,29,581,624
fe9c904f-7d4a-4bae-9006-f2ee7704808d_jpeg.rf.96195d9907f0af06a8d0d515a5dc4194.jpg,640,640,School-Uniform-xN2H,242,100,456,523
405384755_1062280428257379_4174308393973292454_n_jpg.rf.9c25057edc6f32630cbca37067d1758e.jpg,640,640,School-Uniform-xN2H,147,156,638,625
4512ba29-c859-4383-b05b-cbfb7db581e2_jpeg.rf.93b3f701f08f8e707c5822af197a6889.jpg,640,640,School-Uniform-xN2H,26,138,608,529
cf13f9fd-4996-49d5-9667-66c4f6cbb1ad_jpeg.rf.9d06c4c4b1086604bd806ec805670099.jpg,640,640,School-Uniform-xN2H,191,80,563,634
e1fc0ef5-423a-4539-a821-1414a764b87f_jpeg.rf.99525cbe13e92f77b345247b7870cd9e.jpg,640,640,School-Uniform-xN2H,236,66,434,640
371483779_868631824989347_2108731818509576390_n_jpg.rf.8ef02a23662521fb91f384d68b85863e.jpg,640,640,School-Uniform-xN2H,121,136,538,630
7641ee48-0a2c-4566-a624-a174bea3b10a_jpeg.rf.9da378f6dd02438595be1a1141b58b1d.jpg,640,640,School-Uniform-xN2H,87,194,571,512
951b77b8-70fa-443e-9779-c6c8d5bde88d_jpeg.rf.950a9ba5b5b521a3fb89fd691aa1b7fe.jpg,640,640,School-Uniform-xN2H,178,101,416,580
sdddd_jpg.rf.96272a478401ae37eb9192a809c93a2b.jpg,640,640,Not School Uniform,38,59,522,640
406034740_369392085661821_5431596398266483292_n_jpg.rf.8e69eb7bf32f27119b93738e645fee0b.jpg,640,640,School-Uniform-xN2H,228,137,454,529
eb213d9c-db39-4757-b92d-1a3e8417bf38_jpeg.rf.9a1b6c33377a243cc49dab99f4ef0423.jpg,640,640,School-Uniform-xN2H,0,80,640,531
7641ee48-0a2c-4566-a624-a174bea3b10a_jpeg.rf.91efa2286972dd208ce8d1bf30bf21d6.jpg,640,640,School-Uniform-xN2H,110,160,552,434
280a534f-8bfe-43a1-bb19-7e87eea51347_jpeg.rf.96f71c8737580a6cdd6b7cc338d7d340.jpg,640,640,School-Uniform-xN2H,176,135,413,579
280a534f-8bfe-43a1-bb19-7e87eea51347_jpeg.rf.96f71c8737580a6cdd6b7cc338d7d340.jpg,640,640,School-Uniform-xN2H,391,187,440,370
401335788_887093302822751_633864447689221320_n_jpg.rf.96adb8121c9b2d404cd994189191051f.jpg,640,640,School-Uniform-xN2H,103,90,441,555
27a6335f-a2ba-4046-a675-accbc085ec80_jpeg.rf.9e583dc4d6e7b588e282c60a7cf4a16b.jpg,640,640,School-Uniform-xN2H,190,46,442,582
8ddaf11d-5672-4e51-99fb-564c281928a0_jpeg.rf.9f3326decd104eda3ff04a0de4bafc18.jpg,640,640,School-Uniform-xN2H,141,20,513,578
eb213d9c-db39-4757-b92d-1a3e8417bf38_jpeg.rf.9fd20282d615a17c1423f24eae99ffbd.jpg,640,640,School-Uniform-xN2H,207,0,494,640
d45f2d62-6387-453b-8d30-f6ec597f6709_jpeg.rf.9e38edbfcd88177cc7e3e947809268e9.jpg,640,640,School-Uniform-xN2H,195,0,514,535
377793814_851750192855997_5072195858247167056_n_jpg.rf.a6564633b2827b93be3c8c12d0243d78.jpg,640,640,Not School Uniform,135,255,471,494
406532654_730732318504296_5813282765576236486_n_jpg.rf.a6b913bd65107d8efc84f857c92e0a57.jpg,640,640,School-Uniform-xN2H,0,150,485,515
6d6d6be0-4d9f-480e-bafd-b52cb856b1c2_jpeg.rf.a6a55b63863a75d4c8164b8b295e55cd.jpg,640,640,School-Uniform-xN2H,179,0,446,616
4512ba29-c859-4383-b05b-cbfb7db581e2_jpeg.rf.ab3187eb1ee79daf39955fb027329b4a.jpg,640,640,School-Uniform-xN2H,195,62,433,546
d6bad3e9-b6d1-431f-93ab-5217daa39a81_jpeg.rf.a1bdf2eb104f7b04ded54bc97fd52773.jpg,640,640,School-Uniform-xN2H,0,198,568,533
07c80825-684f-4f16-9a71-81c65d55d1cf_jpeg.rf.a658ba03b2cd36bfa5d136f211b80c97.jpg,640,640,School-Uniform-xN2H,161,324,509,518
07c80825-684f-4f16-9a71-81c65d55d1cf_jpeg.rf.a658ba03b2cd36bfa5d136f211b80c97.jpg,640,640,Not School Uniform,223,60,525,171
377775272_688771223156958_915341468898012756_n_jpg.rf.aa2fd8475a8db204a3a62eb5804ef984.jpg,640,640,Not School Uniform,134,142,438,612
403408849_742662297895390_1093024123558833995_n_jpg.rf.a864afc5e3a5158dc02f7f90b56051c1.jpg,640,640,School-Uniform-xN2H,267,424,357,586
369896976_633845338949359_4536750345067846749_n_jpg.rf.a849423fd12ff03387698569e9600a1a.jpg,640,640,School-Uniform-xN2H,0,16,501,374
369896976_633845338949359_4536750345067846749_n_jpg.rf.a849423fd12ff03387698569e9600a1a.jpg,640,640,School-Uniform-xN2H,2,330,542,640
1692e1fa-f4b8-465c-a6e5-b87e6390faf0_jpeg.rf.a753fc2862ba7414c1412d422ec244bc.jpg,640,640,School-Uniform-xN2H,149,82,558,635
1692e1fa-f4b8-465c-a6e5-b87e6390faf0_jpeg.rf.a753fc2862ba7414c1412d422ec244bc.jpg,640,640,School-Uniform-xN2H,0,203,147,542
9b60db54-7353-487c-a715-79099341dd44_jpeg.rf.ac1274cc3b29fdcf7db180f797b663af.jpg,640,640,School-Uniform-xN2H,41,87,622,489
403399863_747656647225833_6951844612140893904_n-1-_jpg.rf.a9a2e905b3f59dce158b7c76fd371e68.jpg,640,640,School-Uniform-xN2H,53,287,490,462
84ddfa5b-c161-4964-a715-49f8d2b34f29_jpeg.rf.a7ab8a0691c0f4516c9f841d1f1ce565.jpg,640,640,School-Uniform-xN2H,58,163,568,527
403405925_394385566257773_6839369466304640505_n_jpg.rf.aaa45323f5839cd6c2827f8ce613b5af.jpg,640,640,School-Uniform-xN2H,0,184,593,477
7641ee48-0a2c-4566-a624-a174bea3b10a_jpeg.rf.a8e40138b4985bfebe0a1d6f457a380d.jpg,640,640,School-Uniform-xN2H,241,120,451,529
uuuu_jpg.rf.a68524ff6d973b18359668ffc1df22b3.jpg,640,640,School-Uniform-xN2H,0,135,428,628
a8d4f8ea-802c-45ae-93ff-b0002fda4b6f_jpeg.rf.a592b7c468ec80a602db881d4d3390b8.jpg,640,640,School-Uniform-xN2H,48,52,535,405
a8d4f8ea-802c-45ae-93ff-b0002fda4b6f_jpeg.rf.a592b7c468ec80a602db881d4d3390b8.jpg,640,640,Not School Uniform,287,473,520,629
a8d4f8ea-802c-45ae-93ff-b0002fda4b6f_jpeg.rf.a592b7c468ec80a602db881d4d3390b8.jpg,640,640,School-Uniform-xN2H,315,416,481,510
406532654_730732318504296_5813282765576236486_n_jpg.rf.a86bb778fa6bbcd048dce3c6528e4a5e.jpg,640,640,School-Uniform-xN2H,198,195,460,640
403416250_904144567424601_6670982408722731981_n_jpg.rf.a5784f1bfa5fa00825a6d4ca498b8b6e.jpg,640,640,School-Uniform-xN2H,40,42,514,497
405488067_1020286709258472_4276248490325552645_n_jpg.rf.a5fd8d8769b8feb9ffa699a3e27174c9.jpg,640,640,School-Uniform-xN2H,58,162,533,639
406034740_369392085661821_5431596398266483292_n_jpg.rf.aaa31c21ab42409466f61278399de66e.jpg,640,640,School-Uniform-xN2H,211,102,475,532
403416250_904144567424601_6670982408722731981_n_jpg.rf.ab79e04c95302ccbd89fa157a4d76d77.jpg,640,640,School-Uniform-xN2H,76,0,640,531
371483779_868631824989347_2108731818509576390_n_jpg.rf.ad19b7f50ef91bff0b3c49b002697c64.jpg,640,640,School-Uniform-xN2H,106,130,545,640
2ae1d8a3-7547-4a0f-bf29-a5bb7a1c7efe_jpeg.rf.b01ec7af0006d7ec2aade0c855d1e41d.jpg,640,640,School-Uniform-xN2H,263,115,481,580
2ae1d8a3-7547-4a0f-bf29-a5bb7a1c7efe_jpeg.rf.b01ec7af0006d7ec2aade0c855d1e41d.jpg,640,640,School-Uniform-xN2H,0,88,160,522
2ae1d8a3-7547-4a0f-bf29-a5bb7a1c7efe_jpeg.rf.b01ec7af0006d7ec2aade0c855d1e41d.jpg,640,640,School-Uniform-xN2H,154,149,275,453
2ae1d8a3-7547-4a0f-bf29-a5bb7a1c7efe_jpeg.rf.b01ec7af0006d7ec2aade0c855d1e41d.jpg,640,640,School-Uniform-xN2H,476,140,577,396
1_jpg.rf.acdffcd39062db4f5b14afcebf7cd936.jpg,640,640,School-Uniform-xN2H,78,0,640,640
3363733c-3cde-49e0-b9c2-d0bfe5f16aaa_jpeg.rf.ad265ba959dc6440a9062761eece75cb.jpg,640,640,School-Uniform-xN2H,125,0,532,514
3363733c-3cde-49e0-b9c2-d0bfe5f16aaa_jpeg.rf.ad265ba959dc6440a9062761eece75cb.jpg,640,640,School-Uniform-xN2H,458,34,640,435
280a534f-8bfe-43a1-bb19-7e87eea51347_jpeg.rf.b09b9a26835ef4d46ef3e444da8907df.jpg,640,640,School-Uniform-xN2H,6,124,547,492
280a534f-8bfe-43a1-bb19-7e87eea51347_jpeg.rf.b09b9a26835ef4d46ef3e444da8907df.jpg,640,640,School-Uniform-xN2H,227,409,437,507
sdddd_jpg.rf.af1e95778d376960fb8b5a30a1b444f3.jpg,640,640,Not School Uniform,190,123,526,640
e1fc0ef5-423a-4539-a821-1414a764b87f_jpeg.rf.b5ea7999486c15648dcc4c81e8e27168.jpg,640,640,School-Uniform-xN2H,111,0,471,609
386355520_618669133767244_7335136418625639628_n_jpg.rf.b929d56f90116c8d1d825fdff8c1dbaa.jpg,640,640,School-Uniform-xN2H,0,61,558,640
401335788_887093302822751_633864447689221320_n_jpg.rf.bb8137836a0718e31574f1acbe178945.jpg,640,640,School-Uniform-xN2H,157,108,445,542
6cd422f7-8ee8-4506-b4f5-82fe8083e9f9_jpeg.rf.b3154cfe08acbb9c89733564f9f1b844.jpg,640,640,School-Uniform-xN2H,167,65,537,640
404680972_313474311613996_1822019659450299110_n_jpg.rf.b0f5f15ef5afa0ac248aa9a02912e680.jpg,640,640,School-Uniform-xN2H,381,134,640,493
404680972_313474311613996_1822019659450299110_n_jpg.rf.b0f5f15ef5afa0ac248aa9a02912e680.jpg,640,640,School-Uniform-xN2H,311,180,473,449
404680972_313474311613996_1822019659450299110_n_jpg.rf.b0f5f15ef5afa0ac248aa9a02912e680.jpg,640,640,School-Uniform-xN2H,236,191,398,451
404680972_313474311613996_1822019659450299110_n_jpg.rf.b0f5f15ef5afa0ac248aa9a02912e680.jpg,640,640,School-Uniform-xN2H,140,211,302,485
404680972_313474311613996_1822019659450299110_n_jpg.rf.b0f5f15ef5afa0ac248aa9a02912e680.jpg,640,640,School-Uniform-xN2H,0,210,188,519
403416250_904144567424601_6670982408722731981_n_jpg.rf.ba2577cd29688ba67c18606ce4e36335.jpg,640,640,School-Uniform-xN2H,18,12,526,537
4a1817d7-c517-4777-bed5-c23de22cf3ed_jpeg.rf.bac5436a2d111f57bf3cad0b86c15f36.jpg,640,640,School-Uniform-xN2H,162,45,488,576
84ddfa5b-c161-4964-a715-49f8d2b34f29_jpeg.rf.b865a86b8c609a1cb7174d85b07d554f.jpg,640,640,School-Uniform-xN2H,168,84,503,582
403408776_326329790169377_7194040350735425389_n_jpg.rf.b31d9d30f2ad7642250e4029a39f6cf9.jpg,640,640,School-Uniform-xN2H,202,0,518,503
d6bad3e9-b6d1-431f-93ab-5217daa39a81_jpeg.rf.b0dd20b1e9cca0adcc8363c75decac0a.jpg,640,640,School-Uniform-xN2H,178,118,439,640
ed2ae8ee-a77c-4a33-957f-70bbbb6957d5_jpeg.rf.b83770260457c5dd8e268bc76f001a6e.jpg,640,640,School-Uniform-xN2H,176,38,454,521
399994730_634094708891353_8786120472622725600_n_jpg.rf.ae7dec7a8219a6d261f95fb9e48f6dfd.jpg,640,640,Not School Uniform,180,117,410,505
vvvv_jpg.rf.bad87dcc1bb1db0af0c213acc44e90ae.jpg,640,640,School-Uniform-xN2H,62,0,519,543
8f02f8ae-5705-485d-a1bf-39102826696c_jpeg.rf.b46bb446bc0f50886754b3a59f193202.jpg,640,640,School-Uniform-xN2H,72,47,462,640
6cd422f7-8ee8-4506-b4f5-82fe8083e9f9_jpeg.rf.bba282a3db72b7e54af0bcad4dc8a7f3.jpg,640,640,School-Uniform-xN2H,73,92,640,487
b68a3703-39cb-4879-9ccc-62ff17782e60_jpeg.rf.b6cdf816da1b92aeafcb33161e40439a.jpg,640,640,School-Uniform-xN2H,151,143,429,640
b68a3703-39cb-4879-9ccc-62ff17782e60_jpeg.rf.b6cdf816da1b92aeafcb33161e40439a.jpg,640,640,School-Uniform-xN2H,9,188,159,470
398012906_633038575663633_2130294647402554349_n_jpg.rf.b8b1260c758f48184f1a433fc5af24d3.jpg,640,640,School-Uniform-xN2H,144,94,640,640
403403596_1116972262601222_5320470547280825987_n_jpg.rf.b7f42a1f22b5d9869f0c9523059980a3.jpg,640,640,School-Uniform-xN2H,184,48,395,476
bcfcbe98-e504-41b3-9e18-076d756a6f0b_jpeg.rf.bd0aa2442d4558bf93e74f490b8e0f8b.jpg,640,640,School-Uniform-xN2H,73,186,521,445
401140703_397065525982479_5824048674014967011_n_jpg.rf.b97e1602f5347cfd46d375c5566a8184.jpg,640,640,School-Uniform-xN2H,198,59,439,440
e3589c10-8231-46e4-914c-0e8a728ca97b_jpeg.rf.b935958458212bdd9f5924201fd19dad.jpg,640,640,School-Uniform-xN2H,104,203,620,504
a8d4f8ea-802c-45ae-93ff-b0002fda4b6f_jpeg.rf.bf74b7d37b736e0d8055c22aff8c799b.jpg,640,640,School-Uniform-xN2H,256,115,561,593
a8d4f8ea-802c-45ae-93ff-b0002fda4b6f_jpeg.rf.bf74b7d37b736e0d8055c22aff8c799b.jpg,640,640,Not School Uniform,0,211,117,442
a8d4f8ea-802c-45ae-93ff-b0002fda4b6f_jpeg.rf.bf74b7d37b736e0d8055c22aff8c799b.jpg,640,640,School-Uniform-xN2H,105,225,179,392
9ec39724-ec8a-422c-bf0b-b586b040d0be_jpeg.rf.bd86cd21915b395e105abcd66ebe0477.jpg,640,640,School-Uniform-xN2H,83,165,640,472
a8d4f8ea-802c-45ae-93ff-b0002fda4b6f_jpeg.rf.c0ca3978bbbc2c7a126e8fa79b7ff2ee.jpg,640,640,School-Uniform-xN2H,101,121,361,550
a8d4f8ea-802c-45ae-93ff-b0002fda4b6f_jpeg.rf.c0ca3978bbbc2c7a126e8fa79b7ff2ee.jpg,640,640,Not School Uniform,505,190,616,399
a8d4f8ea-802c-45ae-93ff-b0002fda4b6f_jpeg.rf.c0ca3978bbbc2c7a126e8fa79b7ff2ee.jpg,640,640,School-Uniform-xN2H,445,206,506,358
4a1817d7-c517-4777-bed5-c23de22cf3ed_jpeg.rf.bfdd1440a39427ef7412e956244bdf65.jpg,640,640,School-Uniform-xN2H,40,133,595,492
c478cf1e-a88f-45b2-b151-4c484aa821b5_jpeg.rf.bb942bc2afb9b5e8d55842246eafc24c.jpg,640,640,School-Uniform-xN2H,0,110,582,516
e898af6c-7f98-4c24-a038-ff0c456d8c63_jpeg.rf.c73b7315209e4aa44830b6629c6800ea.jpg,640,640,School-Uniform-xN2H,103,46,584,640
a541e825-de4b-4f55-b823-ef30ea000c7e_jpeg.rf.c7acefc51910e1bedc83c000016f1a83.jpg,640,640,School-Uniform-xN2H,71,154,591,489
33828826-7e1f-4e80-b7db-b81964a9c333_jpeg.rf.c7e1f7c89712eb241a760422c0ae352f.jpg,640,640,School-Uniform-xN2H,193,60,445,573
403406960_324286377028269_3301590941573662282_n_jpg.rf.c9ab56d8371c100a24d1435d286c9618.jpg,640,640,School-Uniform-xN2H,207,10,393,507
a15152d3-6398-41f1-bc89-1a1c15a5c688_jpeg.rf.c0b919170356782eb3e58cae42fd6fdf.jpg,640,640,School-Uniform-xN2H,38,223,640,584
bd211ef4-fe70-4d8f-b8fb-39ae11f68155_jpeg.rf.cc91642e4ee49a520fad98d5d60c433c.jpg,640,640,School-Uniform-xN2H,56,24,498,640
403406960_324286377028269_3301590941573662282_n_jpg.rf.cb9aa1289db43ae318ada07455e18577.jpg,640,640,School-Uniform-xN2H,231,3,438,513
407213925_310748628525535_655931438718635324_n_jpg.rf.cbad45c67636c5ae078f48376e9a02aa.jpg,640,640,School-Uniform-xN2H,88,47,509,640
405584412_1097983874899428_4251735924962009690_n_jpg.rf.ccbfced2d906d5b98488b4ee59780471.jpg,640,640,School-Uniform-xN2H,231,142,480,561
377775272_688771223156958_915341468898012756_n_jpg.rf.c551c912d321f6a75c91e6c25d41eed8.jpg,640,640,Not School Uniform,226,154,495,599
398119871_633034352330722_2086576132104766525_n_jpg.rf.c50117f6d2a0c8d345f3284d7b56af21.jpg,640,640,School-Uniform-xN2H,0,284,616,606
398119871_633034352330722_2086576132104766525_n_jpg.rf.c50117f6d2a0c8d345f3284d7b56af21.jpg,640,640,School-Uniform-xN2H,14,125,640,448
398119871_633034352330722_2086576132104766525_n_jpg.rf.c50117f6d2a0c8d345f3284d7b56af21.jpg,640,640,School-Uniform-xN2H,70,0,626,262
d40f41eb-c8c5-45f3-ba70-2d321bcb2125_jpeg.rf.c660a4575bcda922e91f01f1ae1f92bd.jpg,640,640,School-Uniform-xN2H,174,1,470,552
3363733c-3cde-49e0-b9c2-d0bfe5f16aaa_jpeg.rf.c4d410f369880063540286c800a075e5.jpg,640,640,School-Uniform-xN2H,0,134,563,569
3363733c-3cde-49e0-b9c2-d0bfe5f16aaa_jpeg.rf.c4d410f369880063540286c800a075e5.jpg,640,640,School-Uniform-xN2H,175,457,590,640
3363733c-3cde-49e0-b9c2-d0bfe5f16aaa_jpeg.rf.c5acadcbe8cd2590c43670f749c3bdd7.jpg,640,640,School-Uniform-xN2H,186,140,470,623
3363733c-3cde-49e0-b9c2-d0bfe5f16aaa_jpeg.rf.c5acadcbe8cd2590c43670f749c3bdd7.jpg,640,640,School-Uniform-xN2H,482,146,640,500
bb28b4a7-182d-445f-bd8f-d22053725047_jpeg.rf.cbddb436fdf2edb2c997c364870cff40.jpg,640,640,School-Uniform-xN2H,196,85,502,640
377793814_851750192855997_5072195858247167056_n_jpg.rf.c14aa460efacf57d78d67505dd41894e.jpg,640,640,Not School Uniform,283,161,487,461
377725807_805662444580750_3263846457073696074_n_jpg.rf.c005e728c4a57df4cbf50d373fa9ef39.jpg,640,640,School-Uniform-xN2H,156,0,512,462
371503510_1745986452571293_8550475069339238554_n_jpg.rf.cecba336b01a064a54f667183f70d636.jpg,640,640,School-Uniform-xN2H,117,53,640,609
b70f80b3-3632-40ca-9b41-822ee51c5e30_jpeg.rf.d2aafafde68589ae31486afe12589c12.jpg,640,640,School-Uniform-xN2H,105,0,452,629
b70f80b3-3632-40ca-9b41-822ee51c5e30_jpeg.rf.d2aafafde68589ae31486afe12589c12.jpg,640,640,School-Uniform-xN2H,396,121,446,128
378283289_959451961828691_4861977337268580913_n_jpg.rf.c46fe05ef3c7c1973c88212be4f9456c.jpg,640,640,Not School Uniform,234,191,379,562
2cae52e7-d0a1-4f1f-9317-e416d75dd0d5_jpeg.rf.cf23fc86db2286b0281fa4b4fec32e30.jpg,640,640,School-Uniform-xN2H,45,200,551,474
2cae52e7-d0a1-4f1f-9317-e416d75dd0d5_jpeg.rf.cf23fc86db2286b0281fa4b4fec32e30.jpg,640,640,Not School Uniform,136,6,373,145
b70f80b3-3632-40ca-9b41-822ee51c5e30_jpeg.rf.c9c734f5ee1b628ab23c983ff66ea71d.jpg,640,640,School-Uniform-xN2H,124,27,434,640
b70f80b3-3632-40ca-9b41-822ee51c5e30_jpeg.rf.c9c734f5ee1b628ab23c983ff66ea71d.jpg,640,640,School-Uniform-xN2H,404,507,453,510
b68a3703-39cb-4879-9ccc-62ff17782e60_jpeg.rf.d223f9fd7500c613869812576db939b3.jpg,640,640,School-Uniform-xN2H,168,0,535,526
b68a3703-39cb-4879-9ccc-62ff17782e60_jpeg.rf.d223f9fd7500c613869812576db939b3.jpg,640,640,School-Uniform-xN2H,477,119,640,437
b70f80b3-3632-40ca-9b41-822ee51c5e30_jpeg.rf.d3b499c0a602bdc23bdad66713be6421.jpg,640,640,School-Uniform-xN2H,0,178,640,551
b70f80b3-3632-40ca-9b41-822ee51c5e30_jpeg.rf.d3b499c0a602bdc23bdad66713be6421.jpg,640,640,School-Uniform-xN2H,127,164,133,218
403411292_1296084134440808_7938948179694505278_n_jpg.rf.aae968ae41ae688d2aac9125ef36ec3b.jpg,640,640,School-Uniform-xN2H,0,133,377,640
3d8e1924-8692-438a-92aa-fdde7f22a497_jpeg.rf.d178d96293198a6b93fa15e66a941092.jpg,640,640,School-Uniform-xN2H,230,94,513,631
401140703_397065525982479_5824048674014967011_n_jpg.rf.d92fddfdda9b6a34f26ab3ca738cded4.jpg,640,640,School-Uniform-xN2H,174,139,605,467
e3589c10-8231-46e4-914c-0e8a728ca97b_jpeg.rf.d627e681a21e14d672dded2138aa49bf.jpg,640,640,School-Uniform-xN2H,109,50,467,592
403405925_394385566257773_6839369466304640505_n_jpg.rf.d3f49f807480fd4ba959ea655a5879f8.jpg,640,640,School-Uniform-xN2H,42,143,640,545
c478cf1e-a88f-45b2-b151-4c484aa821b5_jpeg.rf.dadb22f40871bfaacf6ad93893df63b0.jpg,640,640,School-Uniform-xN2H,172,71,507,640
403398470_735305441361265_4771054095023764615_n_jpg.rf.d9d4607ef3cf94b1f37c60719597daa3.jpg,640,640,School-Uniform-xN2H,169,230,398,555
385565506_339992395308793_7553726351592644975_n-1-_jpg.rf.daf4c14f8092f447735b6273a0bf80b6.jpg,640,640,School-Uniform-xN2H,111,145,597,415
951b77b8-70fa-443e-9779-c6c8d5bde88d_jpeg.rf.d8abb310ff3c9e54661c02490f6fac83.jpg,640,640,School-Uniform-xN2H,191,84,499,600
406083815_3773947339593221_1400426640669684539_n_jpg.rf.dd98278b877725fe67cb412e2dbc2df9.jpg,640,640,School-Uniform-xN2H,130,174,586,473
sdddd_jpg.rf.d2028073748032006e88ab3c5f7a2b7c.jpg,640,640,Not School Uniform,98,83,640,474
5afce534-6f98-4d2f-ad17-b3b9477df305_jpeg.rf.dde2d618595ffea63e17dbf718fac8e5.jpg,640,640,School-Uniform-xN2H,159,0,488,546
5afce534-6f98-4d2f-ad17-b3b9477df305_jpeg.rf.dde2d618595ffea63e17dbf718fac8e5.jpg,640,640,School-Uniform-xN2H,95,171,221,470
5afce534-6f98-4d2f-ad17-b3b9477df305_jpeg.rf.dde2d618595ffea63e17dbf718fac8e5.jpg,640,640,School-Uniform-xN2H,450,149,577,409
f11481dc-f9f8-4204-bf1b-59a57d68e832-1-_jpeg.rf.db913e12741e5e51cf54559c2d5296f1.jpg,640,640,School-Uniform-xN2H,282,168,449,529
403399798_387388040309491_6312346867233524025_n_jpg.rf.db516236d3e97d30fc287c0bebfb1640.jpg,640,640,School-Uniform-xN2H,0,138,495,427
405488067_1020286709258472_4276248490325552645_n_jpg.rf.d7fbdbdb1bb74eaf30aa7117617d9209.jpg,640,640,School-Uniform-xN2H,128,34,533,441
b68a3703-39cb-4879-9ccc-62ff17782e60_jpeg.rf.ddb4157b0d388a5247be0a548dc0296a.jpg,640,640,School-Uniform-xN2H,105,169,640,566
b68a3703-39cb-4879-9ccc-62ff17782e60_jpeg.rf.ddb4157b0d388a5247be0a548dc0296a.jpg,640,640,School-Uniform-xN2H,112,441,423,640
c8b762b8-24c5-4dc8-bc66-711b553222a2_jpeg.rf.de4fab309e10c6907fa84eac189ce34e.jpg,640,640,School-Uniform-xN2H,63,155,597,464
38414e8f-0a73-49ec-9419-e099203a042c_jpeg.rf.dd027cf3ab42a6877917abee007addc8.jpg,640,640,School-Uniform-xN2H,145,93,455,629
6000a7b5-d6e1-40a7-b260-8a7cef0788bf_jpeg.rf.de086f8ac24849afd2b93e07cb0c3efe.jpg,640,640,School-Uniform-xN2H,224,108,419,522
daff98b7-8892-40d9-8748-6a963465f671_jpeg.rf.df1972866831b39a0c1627636c24cb16.jpg,640,640,School-Uniform-xN2H,25,165,614,552
6cd422f7-8ee8-4506-b4f5-82fe8083e9f9_jpeg.rf.df883caf7d99b8e5a42f37689a443280.jpg,640,640,School-Uniform-xN2H,166,109,436,637
uuuu_jpg.rf.e0c3358fa1991526033cb25f51665509.jpg,640,640,School-Uniform-xN2H,153,0,640,504
140c4753-af3b-434f-9f98-f2160ddbaf97_jpeg.rf.de02e87ec27a70b60027d6af97acaffc.jpg,640,640,School-Uniform-xN2H,224,182,372,458
15acfa0a-3760-4945-bbd8-b316b1b7a108_jpeg.rf.ddd7cd3a93138eaeb60ad726b7381519.jpg,640,640,School-Uniform-xN2H,205,44,462,508
15acfa0a-3760-4945-bbd8-b316b1b7a108_jpeg.rf.ddd7cd3a93138eaeb60ad726b7381519.jpg,640,640,School-Uniform-xN2H,95,122,221,345
881d9d2e-4142-4163-9c71-5bc43f152033_jpeg.rf.df91b643bda296cfd993f1c1c2062750.jpg,640,640,School-Uniform-xN2H,40,228,556,497
403415231_1013081126417532_7331559941970254160_n_jpg.rf.e2164a374acd89a69360f92041a0037f.jpg,640,640,School-Uniform-xN2H,90,116,519,640
uuuu_jpg.rf.e172f294d0cb7853eb4f950af3d30d98.jpg,640,640,School-Uniform-xN2H,38,163,427,581
38414e8f-0a73-49ec-9419-e099203a042c_jpeg.rf.e229a5225082cda5f1a5a42f1d1259a5.jpg,640,640,School-Uniform-xN2H,102,63,542,640
378283289_959451961828691_4861977337268580913_n_jpg.rf.d7a95fc0a1a9c6456c8a68d4188a0f5f.jpg,640,640,Not School Uniform,215,70,414,467
87bc21cb-9c2f-4c40-9c88-786a44dce764_jpeg.rf.e23e713dc342ed1c4725390c7db28b68.jpg,640,640,School-Uniform-xN2H,107,0,459,545
403415639_6858816484166164_8887545540750373223_n_jpg.rf.e622ee0b786afafac31a0e2b6335383f.jpg,640,640,School-Uniform-xN2H,168,31,403,516
403408776_326329790169377_7194040350735425389_n_jpg.rf.e1720ace0ccba600ec7b122569b57173.jpg,640,640,School-Uniform-xN2H,222,152,490,640
bcfcbe98-e504-41b3-9e18-076d756a6f0b_jpeg.rf.e19bda4407dc61ffbb479c8319f37a6f.jpg,640,640,School-Uniform-xN2H,105,213,558,458
f4e60716-198f-4e39-8844-5671d8eee9cb_jpeg.rf.e4cd045ad57eda9a39cf32ccf9fe950f.jpg,640,640,School-Uniform-xN2H,207,66,396,538
371503510_1745986452571293_8550475069339238554_n_jpg.rf.e6326eb9acd4246e52c5e6c78069edea.jpg,640,640,School-Uniform-xN2H,128,38,567,491
d1da2e5a-72e7-4aea-a593-b39efcd35214_jpeg.rf.e35b71ff5e01fc4aa31333a87ca57793.jpg,640,640,School-Uniform-xN2H,134,28,486,595
6b764378-d664-4e05-9506-f794b88fe6d9_jpeg.rf.e9a02a292a3deca19c2ac0fe64bf4208.jpg,640,640,School-Uniform-xN2H,194,71,533,607
387221408_618666627100828_8230386884351766783_n_jpg.rf.e1237d1abf6e8c658112068cd7189666.jpg,640,640,School-Uniform-xN2H,142,236,563,630
c478cf1e-a88f-45b2-b151-4c484aa821b5_jpeg.rf.e900946953d79101732f1971716e5993.jpg,640,640,School-Uniform-xN2H,136,30,546,640
f11481dc-f9f8-4204-bf1b-59a57d68e832-1-_jpeg.rf.e5dad7349f192656e352ecb0dbaa88df.jpg,640,640,School-Uniform-xN2H,142,109,396,500
393709051_642121301423751_9024296400001948596_n_jpg.rf.e41fee526491e663b9d7f7335b3e7b55.jpg,640,640,School-Uniform-xN2H,167,170,500,640
377725807_805662444580750_3263846457073696074_n_jpg.rf.e75f90c385a7886bb60c9c42a8826e63.jpg,640,640,School-Uniform-xN2H,73,166,429,640
405384755_1062280428257379_4174308393973292454_n_jpg.rf.e7960879569562de31855a62c8eec0fa.jpg,640,640,School-Uniform-xN2H,33,0,503,472
0f34bc4e-627a-49dd-822a-9272ab714601_jpeg.rf.e981019beeac920d7109abd446da7180.jpg,640,640,School-Uniform-xN2H,158,29,465,593
403415639_6858816484166164_8887545540750373223_n_jpg.rf.cced9501862d3123cb650ec5e598aef2.jpg,640,640,School-Uniform-xN2H,78,146,629,462
1692e1fa-f4b8-465c-a6e5-b87e6390faf0_jpeg.rf.e2629a970480760ea3fa991c26292977.jpg,640,640,School-Uniform-xN2H,100,102,463,616
1692e1fa-f4b8-465c-a6e5-b87e6390faf0_jpeg.rf.e2629a970480760ea3fa991c26292977.jpg,640,640,School-Uniform-xN2H,490,193,640,516
4a1817d7-c517-4777-bed5-c23de22cf3ed_jpeg.rf.e9de3d17e781bd6f61bb0352f1fde2ce.jpg,640,640,School-Uniform-xN2H,186,85,438,572
399994730_634094708891353_8786120472622725600_n_jpg.rf.e680f7b027605d28b0ce422260e4af6b.jpg,640,640,Not School Uniform,254,123,433,476
4_jpg.rf.ea2562778732b1bf6742cc0276466a5a.jpg,640,640,Not School Uniform,0,0,500,640
369896976_633845338949359_4536750345067846749_n_jpg.rf.ed93969bc0caf23f74d6963d45dd2550.jpg,640,640,School-Uniform-xN2H,46,177,341,639
369896976_633845338949359_4536750345067846749_n_jpg.rf.ed93969bc0caf23f74d6963d45dd2550.jpg,640,640,School-Uniform-xN2H,335,158,631,640
403415231_1013081126417532_7331559941970254160_n_jpg.rf.ec4dc18286634af7ef1d1f6a7a60746e.jpg,640,640,School-Uniform-xN2H,129,28,452,497
37a6e819-57a3-40e0-a6ff-7f6f71739088_jpeg.rf.ebafb11a3fcfbb6f89a89dfab9e43605.jpg,640,640,School-Uniform-xN2H,180,82,459,594
0f34bc4e-627a-49dd-822a-9272ab714601_jpeg.rf.ed047cad4468c3f3c2f40a420602f2ca.jpg,640,640,School-Uniform-xN2H,182,63,433,599
27a6335f-a2ba-4046-a675-accbc085ec80_jpeg.rf.f45aa06ee2ef17b38b8d66f7f8ce9b8d.jpg,640,640,School-Uniform-xN2H,188,53,453,601
cf13f9fd-4996-49d5-9667-66c4f6cbb1ad_jpeg.rf.f04a96d29684f1f6ffbb2c51af4b162f.jpg,640,640,School-Uniform-xN2H,209,21,552,540
406083815_3773947339593221_1400426640669684539_n_jpg.rf.f22d01fd19b27f1de3d1efc18830a6af.jpg,640,640,School-Uniform-xN2H,136,187,555,438
7608f20f-4b77-4c8a-8c4b-8dd6fa926197_jpeg.rf.f8e0b08c872d345eccb758e24b8735c1.jpg,640,640,School-Uniform-xN2H,197,76,512,573
e898af6c-7f98-4c24-a038-ff0c456d8c63_jpeg.rf.f9a6228f99c1636b9fc8bd9f88bcf113.jpg,640,640,School-Uniform-xN2H,0,105,595,537
406921431_352851904021826_6657135762719109452_n_jpg.rf.f3e01bea6246103345d697ed5cd8e0c1.jpg,640,640,School-Uniform-xN2H,162,61,538,570
403408849_742662297895390_1093024123558833995_n_jpg.rf.f442c7aae0030dcd14118247c1c13d2b.jpg,640,640,School-Uniform-xN2H,416,290,596,416
bcfcbe98-e504-41b3-9e18-076d756a6f0b_jpeg.rf.f562ae7a68ee8e7d5a56a0373da41699.jpg,640,640,School-Uniform-xN2H,230,105,396,505
386355520_618669133767244_7335136418625639628_n_jpg.rf.fe7635326bba9de4c6db26482755cb3b.jpg,640,640,School-Uniform-xN2H,122,83,640,606
15acfa0a-3760-4945-bbd8-b316b1b7a108_jpeg.rf.fac4b08095b564bdcb3812b52ec2fd78.jpg,640,640,School-Uniform-xN2H,205,111,512,631
15acfa0a-3760-4945-bbd8-b316b1b7a108_jpeg.rf.fac4b08095b564bdcb3812b52ec2fd78.jpg,640,640,School-Uniform-xN2H,93,303,244,553
3d8e1924-8692-438a-92aa-fdde7f22a497_jpeg.rf.eb5439b71094c0efa0bc7fc25ddee3cb.jpg,640,640,School-Uniform-xN2H,68,193,640,550
398119871_633034352330722_2086576132104766525_n_jpg.rf.ff0dc4c6984d278d937860b6537476b0.jpg,640,640,School-Uniform-xN2H,110,55,257,640
398119871_633034352330722_2086576132104766525_n_jpg.rf.ff0dc4c6984d278d937860b6537476b0.jpg,640,640,School-Uniform-xN2H,257,60,410,620
398119871_633034352330722_2086576132104766525_n_jpg.rf.ff0dc4c6984d278d937860b6537476b0.jpg,640,640,School-Uniform-xN2H,413,128,559,610
403411292_1296084134440808_7938948179694505278_n_jpg.rf.eb1aa08aae9dc109a633e73303fe4cd6.jpg,640,640,School-Uniform-xN2H,62,183,353,640
d1da2e5a-72e7-4aea-a593-b39efcd35214_jpeg.rf.fdef7fed7cd452d27e52f7633d24e8bf.jpg,640,640,School-Uniform-xN2H,216,52,446,575
9a5531db-eb56-4bfe-bc41-700423f281b5_jpeg.rf.ff8a05ced01a31edf1d99a42024f8539.jpg,640,640,School-Uniform-xN2H,147,124,425,625
405488067_1020286709258472_4276248490325552645_n_jpg.rf.e029658a71567d47172a748446ac3918.jpg,640,640,School-Uniform-xN2H,172,70,632,529
5afce534-6f98-4d2f-ad17-b3b9477df305_jpeg.rf.f73e11069c592225454da9f60b5d5f12.jpg,640,640,School-Uniform-xN2H,0,171,540,470
5afce534-6f98-4d2f-ad17-b3b9477df305_jpeg.rf.f73e11069c592225454da9f60b5d5f12.jpg,640,640,School-Uniform-xN2H,171,432,462,542
5afce534-6f98-4d2f-ad17-b3b9477df305_jpeg.rf.f73e11069c592225454da9f60b5d5f12.jpg,640,640,School-Uniform-xN2H,166,78,419,191
45152b32-87fe-4913-ba3e-4b4d78490eb6_jpeg.rf.fe3e458f9c7ec51b142f08434bf1354d.jpg,640,640,School-Uniform-xN2H,85,124,631,488
30234658-5675-4551-820d-27be502a7de3_jpeg.rf.ff9702f0b2f146610c15a98178307983.jpg,640,640,School-Uniform-xN2H,159,43,493,563
403405925_394385566257773_6839369466304640505_n_jpg.rf.fb8c702cf519b32829e97cbe25ebd2d4.jpg,640,640,School-Uniform-xN2H,180,82,451,630
ae5122fa-7061-45a9-8f61-056d57742317_jpeg.rf.fb892231cc7938c7c5d17f14d48e2e70.jpg,640,640,School-Uniform-xN2H,193,77,463,554
371483779_868631824989347_2108731818509576390_n_jpg.rf.f9c90b36e81bdadc3f338d5b2ddeab0e.jpg,640,640,School-Uniform-xN2H,0,113,513,578
377754472_660522892712162_4802028093679278921_n_jpg.rf.ec77d5e0124a0a8b88a9719f0b3b2534.jpg,640,640,Not School Uniform,139,139,424,601
77d0f717-7cc0-4af7-8854-1e5678bdd0b9_jpeg.rf.03ad63bf64dcc4b9e5b7744dfd0e810a.jpg,640,640,School-Uniform-xN2H,192,89,504,640
b80a1296-0c41-43d3-a577-595b6179102d_jpeg.rf.00cb833107218844ee0e9c41d6bc5350.jpg,640,640,School-Uniform-xN2H,127,0,500,598
53d5e216-19d8-41c1-8a64-613175a51fdb_jpeg.rf.03c018d1ccdb51d82fa3bd17a785f3fc.jpg,640,640,School-Uniform-xN2H,153,71,453,565
db1ee5da-0625-4a10-a8fd-165e220c9205_jpeg.rf.01f43c2b308d34403391ba0a1da0f4db.jpg,640,640,School-Uniform-xN2H,234,308,437,451
9257cb04-b8c4-4ffb-9a22-53f1b5c61ec3_jpeg.rf.00776e98d9e77d0c6ac2478cbf2c6253.jpg,640,640,School-Uniform-xN2H,147,95,424,589
403604121_196205183568530_5500918858781698222_n_jpg.rf.02a559be925237f3578ddf0b5c2ae7f0.jpg,640,640,School-Uniform-xN2H,161,226,454,627
33828826-7e1f-4e80-b7db-b81964a9c333_jpeg.rf.0297e79110fdc50ee7c94c878bb2fc4b.jpg,640,640,School-Uniform-xN2H,176,34,460,584
403412536_1842814419503853_4743836329461690808_n_jpg.rf.009ac99fb03fb9662152cbda3b98978d.jpg,640,640,School-Uniform-xN2H,101,49,515,455
140c4753-af3b-434f-9f98-f2160ddbaf97_jpeg.rf.00718dc3760258c6c77e4b29d6efdff7.jpg,640,640,School-Uniform-xN2H,214,154,426,478
1_jpg.rf.04d0a741165b241755bea99f495d5342.jpg,640,640,School-Uniform-xN2H,157,0,640,640
07c80825-684f-4f16-9a71-81c65d55d1cf_jpeg.rf.09b52f753cdc940bcc3588228b077558.jpg,640,640,School-Uniform-xN2H,160,129,515,360
07c80825-684f-4f16-9a71-81c65d55d1cf_jpeg.rf.09b52f753cdc940bcc3588228b077558.jpg,640,640,Not School Uniform,265,456,564,602
5d4ee7ff-c1eb-4a51-bf24-3cb84e4b6c1e_jpeg.rf.0a66bac0ec23e208ed31d97e719002a2.jpg,640,640,School-Uniform-xN2H,0,149,578,390
403403596_1116972262601222_5320470547280825987_n_jpg.rf.0669b9b7149caf72a239156b61150251.jpg,640,640,School-Uniform-xN2H,144,39,442,543
30234658-5675-4551-820d-27be502a7de3_jpeg.rf.0c14b9649145d881752895b65eec7d6f.jpg,640,640,School-Uniform-xN2H,182,67,434,516
9ec39724-ec8a-422c-bf0b-b586b040d0be_jpeg.rf.0531a54f12af8ed31a2b1c09ec692780.jpg,640,640,School-Uniform-xN2H,188,99,419,610
86cceced-f7e4-4cdc-ba26-33cef7e7e620_jpeg.rf.07ff7ff4fce8dc5cc1e8df3a7fd89e93.jpg,640,640,School-Uniform-xN2H,103,154,624,476
400611925_637026461931511_6464223939886065643_n_jpg.rf.0b5497d753b7878ef5b73b165ac36fc7.jpg,640,640,Not School Uniform,198,54,543,640
403406960_324286377028269_3301590941573662282_n_jpg.rf.09c59697ec6e730fd52c6e224ee7885c.jpg,640,640,School-Uniform-xN2H,241,0,451,509
84ddfa5b-c161-4964-a715-49f8d2b34f29_jpeg.rf.0c9150520e5c2d4ee47bfc7f724bf88e.jpg,640,640,School-Uniform-xN2H,170,105,414,540
a541e825-de4b-4f55-b823-ef30ea000c7e_jpeg.rf.0b2826add35f92b6564220b2ab5091fa.jpg,640,640,School-Uniform-xN2H,172,98,408,537
403418102_638499974912551_1779388978734775192_n_jpg.rf.07794aebe14ad1a80e5e23722d0bd310.jpg,640,640,School-Uniform-xN2H,0,0,152,446
403418102_638499974912551_1779388978734775192_n_jpg.rf.07794aebe14ad1a80e5e23722d0bd310.jpg,640,640,School-Uniform-xN2H,129,0,257,418
403418102_638499974912551_1779388978734775192_n_jpg.rf.07794aebe14ad1a80e5e23722d0bd310.jpg,640,640,School-Uniform-xN2H,237,0,374,389
403418102_638499974912551_1779388978734775192_n_jpg.rf.07794aebe14ad1a80e5e23722d0bd310.jpg,640,640,School-Uniform-xN2H,356,3,474,412
403418102_638499974912551_1779388978734775192_n_jpg.rf.07794aebe14ad1a80e5e23722d0bd310.jpg,640,640,School-Uniform-xN2H,452,8,602,461
403398470_735305441361265_4771054095023764615_n_jpg.rf.0c19b92b8785f76e5577258eae9538a0.jpg,640,640,School-Uniform-xN2H,194,106,374,396
398012906_633038575663633_2130294647402554349_n_jpg.rf.0d9da4d4b9bb8da09eb56bc82fb75857.jpg,640,640,School-Uniform-xN2H,51,212,511,617
403399798_387388040309491_6312346867233524025_n_jpg.rf.12139a3123d136c8ead7e1ad2e767bcf.jpg,640,640,School-Uniform-xN2H,141,215,638,478
9257cb04-b8c4-4ffb-9a22-53f1b5c61ec3_jpeg.rf.155250843f9ea8b0aded28b9dcd5ad17.jpg,640,640,School-Uniform-xN2H,154,18,450,546
407213925_310748628525535_655931438718635324_n_jpg.rf.0e562fad6bea8cf28b203d8fbbb43ddf.jpg,640,640,School-Uniform-xN2H,90,14,599,640
41298d25-3b10-4197-9cea-0ee34108b59e_jpeg.rf.123e681cea689487f9c716950a0d9c91.jpg,640,640,School-Uniform-xN2H,186,126,452,621
41298d25-3b10-4197-9cea-0ee34108b59e_jpeg.rf.123e681cea689487f9c716950a0d9c91.jpg,640,640,School-Uniform-xN2H,478,158,640,506
403408776_326329790169377_7194040350735425389_n_jpg.rf.0f24f787a4d5e4d4bdfad990bd2b5795.jpg,640,640,School-Uniform-xN2H,201,21,408,482
398012906_633038575663633_2130294647402554349_n_jpg.rf.0eb2876209cdc2b932c5badd34a7f1a5.jpg,640,640,School-Uniform-xN2H,144,44,575,418
e5ab21e3-1716-4bd5-b895-ec0b835bf9fc_jpeg.rf.122334bdbb324cc06aa1ea77087af0ad.jpg,640,640,School-Uniform-xN2H,207,42,462,571
3c6cb03a-d18c-4067-843b-bdef5979cdeb_jpeg.rf.145f5da663355482aa3653805be021b4.jpg,640,640,School-Uniform-xN2H,115,94,356,505
3540da17-60b2-47ea-9955-be5db4bc77ea_jpeg.rf.10e2600e56a81592c12f3e15d72024e5.jpg,640,640,School-Uniform-xN2H,57,209,592,475
b5ac20a6-793a-4b16-a77c-c6e86d2bfd0d_jpeg.rf.10964d0fbc2bff9a08ec2263a0204446.jpg,640,640,School-Uniform-xN2H,195,22,480,578
403418102_638499974912551_1779388978734775192_n_jpg.rf.139864a60e0fe7f4ec2e966c56be3657.jpg,640,640,School-Uniform-xN2H,0,32,166,514
403418102_638499974912551_1779388978734775192_n_jpg.rf.139864a60e0fe7f4ec2e966c56be3657.jpg,640,640,School-Uniform-xN2H,94,27,265,462
403418102_638499974912551_1779388978734775192_n_jpg.rf.139864a60e0fe7f4ec2e966c56be3657.jpg,640,640,School-Uniform-xN2H,197,0,374,409
403418102_638499974912551_1779388978734775192_n_jpg.rf.139864a60e0fe7f4ec2e966c56be3657.jpg,640,640,School-Uniform-xN2H,313,0,473,408
403418102_638499974912551_1779388978734775192_n_jpg.rf.139864a60e0fe7f4ec2e966c56be3657.jpg,640,640,School-Uniform-xN2H,409,0,605,435
33828826-7e1f-4e80-b7db-b81964a9c333_jpeg.rf.1589148f47e8fec4aeb82ef5083465f5.jpg,640,640,School-Uniform-xN2H,195,63,452,587
bb28b4a7-182d-445f-bd8f-d22053725047_jpeg.rf.1259f951a2dfb6371838169cefc4560a.jpg,640,640,School-Uniform-xN2H,203,0,496,552
386355520_618669133767244_7335136418625639628_n_jpg.rf.186399fdad82851501d34c90ebc04d74.jpg,640,640,School-Uniform-xN2H,23,112,565,640
406083815_3773947339593221_1400426640669684539_n_jpg.rf.1a995f57efee292976c9df9b8332fb9c.jpg,640,640,School-Uniform-xN2H,204,138,446,549
405584412_1097983874899428_4251735924962009690_n_jpg.rf.15c7a0594c3ac59019d13886464dee8c.jpg,640,640,School-Uniform-xN2H,192,151,366,536
e558b11f-4661-47b2-86b2-69b37943c144_jpeg.rf.129b705c753e815b1956ac9fb4f767cf.jpg,640,640,School-Uniform-xN2H,121,15,558,640
2cae52e7-d0a1-4f1f-9317-e416d75dd0d5_jpeg.rf.17ee2b6fed997a462062a6b3bfcaa7e4.jpg,640,640,School-Uniform-xN2H,176,62,414,535
2cae52e7-d0a1-4f1f-9317-e416d75dd0d5_jpeg.rf.17ee2b6fed997a462062a6b3bfcaa7e4.jpg,640,640,Not School Uniform,486,160,609,381
402170152_639933644974126_7606106790355612057_n_jpg.rf.1959b72b8c7be8ea51de1a022c9306a0.jpg,640,640,Not School Uniform,225,156,388,547
f7ffa2fb-36dc-422d-9674-f2d49418ee06_jpeg.rf.1913fb5ec6cea8a3b186f10b2cc665bf.jpg,640,640,School-Uniform-xN2H,205,49,460,565
393709051_642121301423751_9024296400001948596_n_jpg.rf.1bee9ddfa4675a362d30d3d8020f93b1.jpg,640,640,School-Uniform-xN2H,180,161,640,464
403410627_884290006554590_2579999332466115944_n_jpg.rf.1ae28d4cfb38d5b6decd01b5b0c3ac87.jpg,640,640,School-Uniform-xN2H,58,41,499,482
9a5531db-eb56-4bfe-bc41-700423f281b5_jpeg.rf.1ccad5b9637d72b0bb09736546d027bc.jpg,640,640,School-Uniform-xN2H,86,108,640,481
398119871_633034352330722_2086576132104766525_n_jpg.rf.1baa31d38ad0b14f2ba71892489b39d6.jpg,640,640,School-Uniform-xN2H,326,0,572,570
398119871_633034352330722_2086576132104766525_n_jpg.rf.1baa31d38ad0b14f2ba71892489b39d6.jpg,640,640,School-Uniform-xN2H,180,14,428,592
398119871_633034352330722_2086576132104766525_n_jpg.rf.1baa31d38ad0b14f2ba71892489b39d6.jpg,640,640,School-Uniform-xN2H,35,51,262,551
555_jpg.rf.1d27e5f17bdac0e91d3cbbcdb99e3f84.jpg,640,640,School-Uniform-xN2H,123,56,635,554
8f02f8ae-5705-485d-a1bf-39102826696c_jpeg.rf.12775501dcf2f2cf58e7b95a56996959.jpg,640,640,School-Uniform-xN2H,151,37,415,551
f7ffa2fb-36dc-422d-9674-f2d49418ee06_jpeg.rf.20fc7bf43d4d3e3cc720a3f5f15936cd.jpg,640,640,School-Uniform-xN2H,0,124,598,519
2a2cdea5-5dd9-4d05-9b83-38a47a2b110f_jpeg.rf.1d351f67bc163f98204ea0f32aebf7c3.jpg,640,640,School-Uniform-xN2H,33,189,246,520
2a2cdea5-5dd9-4d05-9b83-38a47a2b110f_jpeg.rf.1d351f67bc163f98204ea0f32aebf7c3.jpg,640,640,School-Uniform-xN2H,124,111,508,640
ae5122fa-7061-45a9-8f61-056d57742317_jpeg.rf.1a6ad7d5ad3f0bf93dc00b389eea6893.jpg,640,640,School-Uniform-xN2H,222,98,428,533
405384755_1062280428257379_4174308393973292454_n_jpg.rf.1f33e3e0b2d94b2374493a0316fb8d75.jpg,640,640,School-Uniform-xN2H,173,21,580,454
b80a1296-0c41-43d3-a577-595b6179102d_jpeg.rf.21155d802e9ff805edf59aa116cd6dad.jpg,640,640,School-Uniform-xN2H,175,64,459,640
e558b11f-4661-47b2-86b2-69b37943c144_jpeg.rf.173ea2cdc28dc5919c6d1dc6d96931d2.jpg,640,640,School-Uniform-xN2H,23,126,640,544
30234658-5675-4551-820d-27be502a7de3_jpeg.rf.22f818b2f8bde532dbf09926a5dba0d8.jpg,640,640,School-Uniform-xN2H,107,171,604,488
ed2ae8ee-a77c-4a33-957f-70bbbb6957d5_jpeg.rf.1f9f8d738d6efa84b48ce31ec1941712.jpg,640,640,School-Uniform-xN2H,84,135,635,477
f4e60716-198f-4e39-8844-5671d8eee9cb_jpeg.rf.215195e26d271b2e379e39b4e8001d16.jpg,640,640,School-Uniform-xN2H,46,168,590,425
efecc458-a9df-4519-bfc8-3583939c1724_jpeg.rf.20dc965c173f09438a6d6772503327fb.jpg,640,640,School-Uniform-xN2H,189,111,414,536
385565506_339992395308793_7553726351592644975_n-1-_jpg.rf.2188f910c713fc97062a928902f448b7.jpg,640,640,School-Uniform-xN2H,164,117,415,578
d45f2d62-6387-453b-8d30-f6ec597f6709_jpeg.rf.25a1a0fc0f63743ade123f8c5d3e65e4.jpg,640,640,School-Uniform-xN2H,1,244,532,491
7608f20f-4b77-4c8a-8c4b-8dd6fa926197_jpeg.rf.25f9396241684e4fc195f5929968b473.jpg,640,640,School-Uniform-xN2H,81,122,585,458
15acfa0a-3760-4945-bbd8-b316b1b7a108_jpeg.rf.24972d5e2b7e95338557d725a475424d.jpg,640,640,School-Uniform-xN2H,106,127,634,501
15acfa0a-3760-4945-bbd8-b316b1b7a108_jpeg.rf.24972d5e2b7e95338557d725a475424d.jpg,640,640,School-Uniform-xN2H,242,36,496,218
daff98b7-8892-40d9-8748-6a963465f671_jpeg.rf.1c867cbb78890556aa159dfc7dbf1be9.jpg,640,640,School-Uniform-xN2H,27,179,599,530
bd211ef4-fe70-4d8f-b8fb-39ae11f68155_jpeg.rf.23f894706898764370f8a3236220ef51.jpg,640,640,School-Uniform-xN2H,0,113,583,552
53d5e216-19d8-41c1-8a64-613175a51fdb_jpeg.rf.266caf6368869e65a4026a3f061d255a.jpg,640,640,School-Uniform-xN2H,41,104,603,507
86cceced-f7e4-4cdc-ba26-33cef7e7e620_jpeg.rf.22f4a671c1aa967c66ed43acbb07d3f7.jpg,640,640,School-Uniform-xN2H,182,40,437,514
dbf92202-841a-4ec8-b593-2d58b9e9cd0e_jpeg.rf.237058cb9c8260e3e20df52e04ddabb8.jpg,640,640,School-Uniform-xN2H,99,32,560,640
d40f41eb-c8c5-45f3-ba70-2d321bcb2125_jpeg.rf.2a51dbc2c9326b2f158620e810cc7881.jpg,640,640,School-Uniform-xN2H,0,136,589,533
1692e1fa-f4b8-465c-a6e5-b87e6390faf0_jpeg.rf.261d48061d49c26cc864d506f44136b9.jpg,640,640,School-Uniform-xN2H,193,121,509,601
1692e1fa-f4b8-465c-a6e5-b87e6390faf0_jpeg.rf.261d48061d49c26cc864d506f44136b9.jpg,640,640,School-Uniform-xN2H,0,179,134,487
403411268_1118505852844828_3402966768787058672_n_jpg.rf.2643ddc18efcb7de4d4de8d690a3d09e.jpg,640,640,School-Uniform-xN2H,143,49,454,501
5afce534-6f98-4d2f-ad17-b3b9477df305_jpeg.rf.27007fe58c1c90d8a40a1e3be13f5d83.jpg,640,640,School-Uniform-xN2H,176,110,448,640
5afce534-6f98-4d2f-ad17-b3b9477df305_jpeg.rf.27007fe58c1c90d8a40a1e3be13f5d83.jpg,640,640,School-Uniform-xN2H,427,190,524,471
5afce534-6f98-4d2f-ad17-b3b9477df305_jpeg.rf.27007fe58c1c90d8a40a1e3be13f5d83.jpg,640,640,School-Uniform-xN2H,80,220,182,463
2a2cdea5-5dd9-4d05-9b83-38a47a2b110f_jpeg.rf.2853b4215b4733748177cd7397c37f6d.jpg,640,640,School-Uniform-xN2H,88,118,240,411
2a2cdea5-5dd9-4d05-9b83-38a47a2b110f_jpeg.rf.2853b4215b4733748177cd7397c37f6d.jpg,640,640,School-Uniform-xN2H,193,41,477,508
393709051_642121301423751_9024296400001948596_n_jpg.rf.291cbd5e407824143448bc153f157eb5.jpg,640,640,School-Uniform-xN2H,172,188,454,640
403412536_1842814419503853_4743836329461690808_n_jpg.rf.25e143688bba7cae65b89db374502f7e.jpg,640,640,School-Uniform-xN2H,62,120,568,617
881d9d2e-4142-4163-9c71-5bc43f152033_jpeg.rf.1f6134866e924c322c5ea51fd4da1b42.jpg,640,640,School-Uniform-xN2H,231,82,515,592
403418102_638499974912551_1779388978734775192_n_jpg.rf.2aa9114a4906b2cf1b756fd7d13c4784.jpg,640,640,School-Uniform-xN2H,15,182,146,638
403418102_638499974912551_1779388978734775192_n_jpg.rf.2aa9114a4906b2cf1b756fd7d13c4784.jpg,640,640,School-Uniform-xN2H,145,213,247,624
403418102_638499974912551_1779388978734775192_n_jpg.rf.2aa9114a4906b2cf1b756fd7d13c4784.jpg,640,640,School-Uniform-xN2H,247,249,360,635
403418102_638499974912551_1779388978734775192_n_jpg.rf.2aa9114a4906b2cf1b756fd7d13c4784.jpg,640,640,School-Uniform-xN2H,362,232,455,640
403418102_638499974912551_1779388978734775192_n_jpg.rf.2aa9114a4906b2cf1b756fd7d13c4784.jpg,640,640,School-Uniform-xN2H,456,190,578,640
27a6335f-a2ba-4046-a675-accbc085ec80_jpeg.rf.2cb8022c527fd6d253d46d5c62b61d0a.jpg,640,640,School-Uniform-xN2H,27,147,622,510
402170152_639933644974126_7606106790355612057_n_jpg.rf.2ac93a527245d1421cab2e0dd15b4f06.jpg,640,640,Not School Uniform,82,232,483,382
403399863_747656647225833_6951844612140893904_n-1-_jpg.rf.297b5b8220316675d48b103d2ec3d1c9.jpg,640,640,School-Uniform-xN2H,182,57,353,485
402170152_639933644974126_7606106790355612057_n_jpg.rf.2b49e02e7a2a0ca36407ff4d8296e896.jpg,640,640,Not School Uniform,275,189,380,544
7608f20f-4b77-4c8a-8c4b-8dd6fa926197_jpeg.rf.2cf6b952d706557948f98c6d3ea5914e.jpg,640,640,School-Uniform-xN2H,176,93,397,550
38414e8f-0a73-49ec-9419-e099203a042c_jpeg.rf.2ca9641f555840f2c302948352116010.jpg,640,640,School-Uniform-xN2H,0,132,602,511
377754472_660522892712162_4802028093679278921_n_jpg.rf.1c02e9d6a49f0c3f5b27e7b0d1f859a5.jpg,640,640,Not School Uniform,263,90,442,499
403402096_289434124090592_497054230968592584_n-Copy_jpg.rf.2c77362cad262178261e3ebaca12a8fd.jpg,640,640,School-Uniform-xN2H,80,99,429,640
9257cb04-b8c4-4ffb-9a22-53f1b5c61ec3_jpeg.rf.27eb3cbef7f66d0a0fae4572f4083687.jpg,640,640,School-Uniform-xN2H,44,197,560,516
f4e60716-198f-4e39-8844-5671d8eee9cb_jpeg.rf.31869d7ace731a0cec8f2ab9bbfd38a8.jpg,640,640,School-Uniform-xN2H,67,190,593,438
3d8e1924-8692-438a-92aa-fdde7f22a497_jpeg.rf.2a8b420f362f73c9e34d1c2f6adc89f8.jpg,640,640,School-Uniform-xN2H,0,206,567,547
6000a7b5-d6e1-40a7-b260-8a7cef0788bf_jpeg.rf.2e928fba3ad5eeb2277f692b223bcf99.jpg,640,640,School-Uniform-xN2H,214,107,438,545
37a6e819-57a3-40e0-a6ff-7f6f71739088_jpeg.rf.2e8f9b0487eef9e860b7fc65fe44edb5.jpg,640,640,School-Uniform-xN2H,183,12,527,548
c8b762b8-24c5-4dc8-bc66-711b553222a2_jpeg.rf.2c0c7f53ac8614aff354ba9fdbdc5a60.jpg,640,640,School-Uniform-xN2H,76,171,638,508
403411268_1118505852844828_3402966768787058672_n_jpg.rf.2f3447f8f28b3f3c16a5f76a63a68495.jpg,640,640,School-Uniform-xN2H,83,12,487,532
386440996_267963692571381_568397726139512342_n_jpg.rf.2dd8fc8d627cdebcadbb3d4fa60c3b6b.jpg,640,640,School-Uniform-xN2H,158,205,524,479
2ae1d8a3-7547-4a0f-bf29-a5bb7a1c7efe_jpeg.rf.2ded2484e0f0d9677ddba582e0793e76.jpg,640,640,School-Uniform-xN2H,46,117,594,437
2ae1d8a3-7547-4a0f-bf29-a5bb7a1c7efe_jpeg.rf.2ded2484e0f0d9677ddba582e0793e76.jpg,640,640,School-Uniform-xN2H,71,479,567,640
2ae1d8a3-7547-4a0f-bf29-a5bb7a1c7efe_jpeg.rf.2ded2484e0f0d9677ddba582e0793e76.jpg,640,640,School-Uniform-xN2H,119,366,473,551
2ae1d8a3-7547-4a0f-bf29-a5bb7a1c7efe_jpeg.rf.2ded2484e0f0d9677ddba582e0793e76.jpg,640,640,School-Uniform-xN2H,56,44,355,199
86cceced-f7e4-4cdc-ba26-33cef7e7e620_jpeg.rf.3234ff151aeaff8d27c911fc2060ddf5.jpg,640,640,School-Uniform-xN2H,16,125,539,476
b5ac20a6-793a-4b16-a77c-c6e86d2bfd0d_jpeg.rf.311f90a827ae4b9fb63d83fbe6f5eb04.jpg,640,640,School-Uniform-xN2H,133,0,525,614
058b9434-abca-4da4-a790-e7c6321b57e7_jpeg.rf.33445f6aaa6f90bda11f8020c7f5445c.jpg,640,640,School-Uniform-xN2H,154,91,448,537
07c80825-684f-4f16-9a71-81c65d55d1cf_jpeg.rf.30839faed0dd757ae00c60d66a98c3e3.jpg,640,640,School-Uniform-xN2H,303,145,473,457
07c80825-684f-4f16-9a71-81c65d55d1cf_jpeg.rf.30839faed0dd757ae00c60d66a98c3e3.jpg,640,640,Not School Uniform,63,135,159,406
e898af6c-7f98-4c24-a038-ff0c456d8c63_jpeg.rf.337910f1bb13b74f887e1c9dedbf2b96.jpg,640,640,School-Uniform-xN2H,153,94,475,640
9b60db54-7353-487c-a715-79099341dd44_jpeg.rf.3001d7260568ccc7150757b373cbebf9.jpg,640,640,School-Uniform-xN2H,189,79,446,560
4_jpg.rf.3969b8b836328ae37ca9ff8e8b4d7909.jpg,640,640,Not School Uniform,111,0,640,640
401140703_397065525982479_5824048674014967011_n_jpg.rf.378172c63e4c54d71d41294b9458e0cf.jpg,640,640,School-Uniform-xN2H,113,153,446,610
403410627_884290006554590_2579999332466115944_n_jpg.rf.37e0cdbb4d14054a00b9027845bf29b1.jpg,640,640,School-Uniform-xN2H,150,36,609,495
403398470_735305441361265_4771054095023764615_n_jpg.rf.38630f3f48ba281396ba606e7d4fa384.jpg,640,640,School-Uniform-xN2H,195,265,361,537
eb213d9c-db39-4757-b92d-1a3e8417bf38_jpeg.rf.399fc265d5a218e435ba8454bb9a06dc.jpg,640,640,School-Uniform-xN2H,106,0,512,640
5d4ee7ff-c1eb-4a51-bf24-3cb84e4b6c1e_jpeg.rf.392b6e81cead653afd6aef30a3a79cda.jpg,640,640,School-Uniform-xN2H,0,99,597,426
f7ffa2fb-36dc-422d-9674-f2d49418ee06_jpeg.rf.3623a50d7339843c50a0923c9da46996.jpg,640,640,School-Uniform-xN2H,196,71,469,596
6b764378-d664-4e05-9506-f794b88fe6d9_jpeg.rf.37fa866d680d4f2e9747e783af9c7d21.jpg,640,640,School-Uniform-xN2H,168,62,424,536
403408849_742662297895390_1093024123558833995_n_jpg.rf.39f9635cc5d3c68057c6516097cafa6d.jpg,640,640,School-Uniform-xN2H,425,304,612,425
efecc458-a9df-4519-bfc8-3583939c1724_jpeg.rf.36a50949fa281000020e8dff2d3932b9.jpg,640,640,School-Uniform-xN2H,195,117,405,532
53d5e216-19d8-41c1-8a64-613175a51fdb_jpeg.rf.3dcb38c33438303f22182bd9e9fcff96.jpg,640,640,School-Uniform-xN2H,10,118,601,547
a9139e4c-e6be-4d21-bf89-ce3db96cdcb5_jpeg.rf.3a7bb0252b72fd3021801ea703e5864a.jpg,640,640,School-Uniform-xN2H,55,182,587,481
c30ad390-1fd6-4e12-9564-66f30147eb15_jpeg.rf.3f257d80fb8dddfd6fd3ae1853386160.jpg,640,640,School-Uniform-xN2H,192,111,378,640
378283289_959451961828691_4861977337268580913_n_jpg.rf.3e881d8d4b86832d5266777a6a269eff.jpg,640,640,Not School Uniform,208,58,443,461
6b764378-d664-4e05-9506-f794b88fe6d9_jpeg.rf.3f0a81d259f2a52b3c06f330d3727f6a.jpg,640,640,School-Uniform-xN2H,46,114,565,470
e558b11f-4661-47b2-86b2-69b37943c144_jpeg.rf.3ae6576d5139d0aa39e762fbf77b7055.jpg,640,640,School-Uniform-xN2H,186,18,471,562
bb28b4a7-182d-445f-bd8f-d22053725047_jpeg.rf.3ec53dd3f59cb25a7ce998ab6f411989.jpg,640,640,School-Uniform-xN2H,140,0,437,555
a15152d3-6398-41f1-bc89-1a1c15a5c688_jpeg.rf.3b1219706551d6a09dc2c4816af0c380.jpg,640,640,School-Uniform-xN2H,255,44,552,640
403415639_6858816484166164_8887545540750373223_n_jpg.rf.3fc2bdb3328f7ae43dc73df8e42a3fe8.jpg,640,640,School-Uniform-xN2H,224,15,494,530
403408877_295963910100294_4586764287916556520_n_jpg.rf.3fa86f34e84075becb782d616c622963.jpg,640,640,School-Uniform-xN2H,96,203,567,500
45152b32-87fe-4913-ba3e-4b4d78490eb6_jpeg.rf.3e3c67efad8372330b2f1b9f3eb4b9dc.jpg,640,640,School-Uniform-xN2H,173,66,506,557
vvvv_jpg.rf.418a7c0ca25663e2f7de3986520577e7.jpg,640,640,School-Uniform-xN2H,30,0,623,574
e5ab21e3-1716-4bd5-b895-ec0b835bf9fc_jpeg.rf.3f3979725a9545d20f7ed72d306ca626.jpg,640,640,School-Uniform-xN2H,151,33,534,630
405584412_1097983874899428_4251735924962009690_n_jpg.rf.3f4214d9d1ad9c62ffc46f0214632fd3.jpg,640,640,School-Uniform-xN2H,248,149,442,564
77d0f717-7cc0-4af7-8854-1e5678bdd0b9_jpeg.rf.3a474bf4c0dccefce8f7fb0670743c89.jpg,640,640,School-Uniform-xN2H,0,162,576,550
403411268_1118505852844828_3402966768787058672_n_jpg.rf.418e154c25620641ddd51fed527928ba.jpg,640,640,School-Uniform-xN2H,31,121,513,466
4_jpg.rf.4165ea3d8e26635804e00b9caab1a6a4.jpg,640,640,Not School Uniform,11,160,640,638
e3589c10-8231-46e4-914c-0e8a728ca97b_jpeg.rf.4569b4292fe095aefd477730b0b917af.jpg,640,640,School-Uniform-xN2H,201,71,468,539
403632651_317279751089563_5866885261038642361_n_jpg.rf.44d5d736789f3c2a1546af7319e8be22.jpg,640,640,Not School Uniform,164,253,360,567
387333568_1032992341094911_3329183200319955498_n_jpg.rf.442d8acb30a1cecceb8a616f9418921e.jpg,640,640,Not School Uniform,303,265,527,398
5df71720-7913-485b-abca-5d24531065e5_jpeg.rf.4288f3fc029708ea791f1c5f9e58a9b4.jpg,640,640,School-Uniform-xN2H,172,0,548,581
377741368_1000517847875725_7217108193044298749_n_jpg.rf.402d54c11c17150cacba9ca3155ea57b.jpg,640,640,Not School Uniform,44,155,394,543
881d9d2e-4142-4163-9c71-5bc43f152033_jpeg.rf.44ed3cb92892623accfe22db29fceeda.jpg,640,640,School-Uniform-xN2H,168,107,400,578
db1ee5da-0625-4a10-a8fd-165e220c9205_jpeg.rf.4c8ce6cc4feb7f6a9adac93fcc4eaf9b.jpg,640,640,School-Uniform-xN2H,196,227,344,429
377725807_805662444580750_3263846457073696074_n_jpg.rf.463127df732b5fac68b3fca75b72e036.jpg,640,640,School-Uniform-xN2H,126,51,430,464
8f02f8ae-5705-485d-a1bf-39102826696c_jpeg.rf.44fee2e063e7ca5d56767abd9e4c2a1d.jpg,640,640,School-Uniform-xN2H,173,19,562,594
9b60db54-7353-487c-a715-79099341dd44_jpeg.rf.4d34fe234b337b9b522b28c177beed95.jpg,640,640,School-Uniform-xN2H,136,47,500,617
87bc21cb-9c2f-4c40-9c88-786a44dce764_jpeg.rf.50a390b9d225af3cdbf777b387810c4e.jpg,640,640,School-Uniform-xN2H,189,132,430,610
403604121_196205183568530_5500918858781698222_n_jpg.rf.4df3553f26bb7b2c247bbf86f5f4ad13.jpg,640,640,School-Uniform-xN2H,165,0,491,423
41298d25-3b10-4197-9cea-0ee34108b59e_jpeg.rf.481e77885e1752e4a22450c32a00515d.jpg,640,640,School-Uniform-xN2H,119,183,640,482
41298d25-3b10-4197-9cea-0ee34108b59e_jpeg.rf.481e77885e1752e4a22450c32a00515d.jpg,640,640,School-Uniform-xN2H,152,502,534,640
d6bad3e9-b6d1-431f-93ab-5217daa39a81_jpeg.rf.5164e1a7e1f16b49bc4d8a79ef7a92ef.jpg,640,640,School-Uniform-xN2H,165,0,553,556
5df71720-7913-485b-abca-5d24531065e5_jpeg.rf.4885cb28f2a884c252972a771a5a54a4.jpg,640,640,School-Uniform-xN2H,130,88,403,623
1_jpg.rf.5012554d892a41015239f2b49227adef.jpg,640,640,School-Uniform-xN2H,28,169,640,633
9ec39724-ec8a-422c-bf0b-b586b040d0be_jpeg.rf.4e1fa02bec19a7dfa50b8132331fba9b.jpg,640,640,School-Uniform-xN2H,155,79,518,640
385565506_339992395308793_7553726351592644975_n-1-_jpg.rf.466e37a305d9ed965583f41768cc93a7.jpg,640,640,School-Uniform-xN2H,90,96,623,469
c30ad390-1fd6-4e12-9564-66f30147eb15_jpeg.rf.4677bbfdb78a986f4a981a460bf4d14b.jpg,640,640,School-Uniform-xN2H,115,0,409,530
9a5531db-eb56-4bfe-bc41-700423f281b5_jpeg.rf.4d80fde1a14ee7d5fc9f8a0e5eeed8c3.jpg,640,640,School-Uniform-xN2H,92,92,463,640
403402096_289434124090592_497054230968592584_n-Copy_jpg.rf.57ce036e4c523c4c1ce4c5a602c24834.jpg,640,640,School-Uniform-xN2H,0,40,571,429
2ae1d8a3-7547-4a0f-bf29-a5bb7a1c7efe_jpeg.rf.57447462a32ef712ae2c377ec6f3baaf.jpg,640,640,School-Uniform-xN2H,90,109,618,384
2ae1d8a3-7547-4a0f-bf29-a5bb7a1c7efe_jpeg.rf.57447462a32ef712ae2c377ec6f3baaf.jpg,640,640,School-Uniform-xN2H,84,466,573,640
2ae1d8a3-7547-4a0f-bf29-a5bb7a1c7efe_jpeg.rf.57447462a32ef712ae2c377ec6f3baaf.jpg,640,640,School-Uniform-xN2H,143,345,487,502
2ae1d8a3-7547-4a0f-bf29-a5bb7a1c7efe_jpeg.rf.57447462a32ef712ae2c377ec6f3baaf.jpg,640,640,School-Uniform-xN2H,109,18,399,148
369896976_633845338949359_4536750345067846749_n_jpg.rf.598ec1f9fd0652d543d174223920c81d.jpg,640,640,School-Uniform-xN2H,0,123,345,640
369896976_633845338949359_4536750345067846749_n_jpg.rf.598ec1f9fd0652d543d174223920c81d.jpg,640,640,School-Uniform-xN2H,312,119,640,640
b80a1296-0c41-43d3-a577-595b6179102d_jpeg.rf.5a0944be1c7e93657502c743cab39003.jpg,640,640,School-Uniform-xN2H,6,97,640,531
377757342_1068378347491689_3643165495501383850_n_jpg.rf.5107b999f5d49652d4a2f466ef1eff5e.jpg,640,640,School-Uniform-xN2H,76,35,452,434
daff98b7-8892-40d9-8748-6a963465f671_jpeg.rf.5ba34707cd522e8ba03501978b9aa410.jpg,640,640,School-Uniform-xN2H,137,54,426,586
fe9c904f-7d4a-4bae-9006-f2ee7704808d_jpeg.rf.54fe0fc27babbc55442ed1bbd4e61268.jpg,640,640,School-Uniform-xN2H,220,98,482,558
401335788_887093302822751_633864447689221320_n_jpg.rf.51f20bd3cf9d25e85ff1b3c88847b8f6.jpg,640,640,School-Uniform-xN2H,167,151,422,541
ed2ae8ee-a77c-4a33-957f-70bbbb6957d5_jpeg.rf.5c0a49a1ee5da6be583088750887d1e0.jpg,640,640,School-Uniform-xN2H,110,164,617,457
387221408_618666627100828_8230386884351766783_n_jpg.rf.5c448d839ebd834f72531be698dc1239.jpg,640,640,School-Uniform-xN2H,55,211,552,640
403403596_1116972262601222_5320470547280825987_n_jpg.rf.5a0fa76c8e3730e6ba608a9f9d5b2df8.jpg,640,640,School-Uniform-xN2H,137,19,435,523
407213925_310748628525535_655931438718635324_n_jpg.rf.5b0fddad51c6516f67267f54d3e62610.jpg,640,640,School-Uniform-xN2H,0,32,640,623
377741368_1000517847875725_7217108193044298749_n_jpg.rf.5372eb5b35b847e5cfc3b07715617ad1.jpg,640,640,Not School Uniform,270,170,576,517
403402096_289434124090592_497054230968592584_n-Copy_jpg.rf.63bfdc0778a39e4b9ebc7acf23d56247.jpg,640,640,School-Uniform-xN2H,0,187,568,594
4512ba29-c859-4383-b05b-cbfb7db581e2_jpeg.rf.51996376b544d90033cc6de22a5745b0.jpg,640,640,School-Uniform-xN2H,147,43,476,568
87bc21cb-9c2f-4c40-9c88-786a44dce764_jpeg.rf.5bf87658aa76e40d31ddf149364d6ef7.jpg,640,640,School-Uniform-xN2H,175,12,512,532
406921431_352851904021826_6657135762719109452_n_jpg.rf.63d25c1cce9e5bf53b52aea4e79ea7da.jpg,640,640,School-Uniform-xN2H,65,112,638,545
403399798_387388040309491_6312346867233524025_n_jpg.rf.6218123ca7294d57233c89c6383da531.jpg,640,640,School-Uniform-xN2H,218,40,427,479
403411292_1296084134440808_7938948179694505278_n_jpg.rf.55d2fd267a4d9b9990e63ce76ce133e8.jpg,640,640,School-Uniform-xN2H,245,121,640,639
a9139e4c-e6be-4d21-bf89-ce3db96cdcb5_jpeg.rf.5cd1b5a0d6b7cfa27ae5890b629d1b9d.jpg,640,640,School-Uniform-xN2H,187,69,445,561
77d0f717-7cc0-4af7-8854-1e5678bdd0b9_jpeg.rf.62917292f08613a3baaf35f5dec173c0.jpg,640,640,School-Uniform-xN2H,66,126,640,468
377754472_660522892712162_4802028093679278921_n_jpg.rf.62b7f0a3b035af8852ebc4fd582846d9.jpg,640,640,Not School Uniform,20,195,500,487
c30ad390-1fd6-4e12-9564-66f30147eb15_jpeg.rf.6889dc3b2ce1fc8489eea28eacc1c34f.jpg,640,640,School-Uniform-xN2H,198,0,535,546
dbf92202-841a-4ec8-b593-2d58b9e9cd0e_jpeg.rf.5f607e22e1abe22dc1f80aa03a01a9cd.jpg,640,640,School-Uniform-xN2H,0,118,596,537
140c4753-af3b-434f-9f98-f2160ddbaf97_jpeg.rf.628d16e334677d8c526797b9dbb3903b.jpg,640,640,School-Uniform-xN2H,171,201,471,373
fe9c904f-7d4a-4bae-9006-f2ee7704808d_jpeg.rf.672e5efee310f8912fe9f4ec6dec2e84.jpg,640,640,School-Uniform-xN2H,272,132,437,522
387333568_1032992341094911_3329183200319955498_n_jpg.rf.69bb869c224fc288bd529e2fc52a9b1b.jpg,640,640,Not School Uniform,278,218,506,353
403399863_747656647225833_6951844612140893904_n-1-_jpg.rf.6d3c04e9bb653e8c583eb82ab8f6b835.jpg,640,640,School-Uniform-xN2H,125,251,584,516
vvvv_jpg.rf.6cef50ec3c1f38134e154032323421a8.jpg,640,640,School-Uniform-xN2H,0,54,552,533
8ddaf11d-5672-4e51-99fb-564c281928a0_jpeg.rf.6a41692fed0b977c90ae2ae0c657590e.jpg,640,640,School-Uniform-xN2H,40,171,540,435
37a6e819-57a3-40e0-a6ff-7f6f71739088_jpeg.rf.440be018e0a2c28532d29b3b2c8bc90f.jpg,640,640,School-Uniform-xN2H,199,121,423,585
403412536_1842814419503853_4743836329461690808_n_jpg.rf.5914005b5b4ce7e137e2a215ef97d206.jpg,640,640,School-Uniform-xN2H,138,94,634,596
2cae52e7-d0a1-4f1f-9317-e416d75dd0d5_jpeg.rf.6930b2eb692dc1c5bf18d8d661d8a901.jpg,640,640,School-Uniform-xN2H,8,140,556,475
2cae52e7-d0a1-4f1f-9317-e416d75dd0d5_jpeg.rf.6930b2eb692dc1c5bf18d8d661d8a901.jpg,640,640,Not School Uniform,165,497,423,640
3540da17-60b2-47ea-9955-be5db4bc77ea_jpeg.rf.6d73763030f3a427c8432c21cc8d83b5.jpg,640,640,School-Uniform-xN2H,241,85,415,563
ba2748f7-391f-4501-973a-63d13721d511_jpeg.rf.68bcabffc345b00e925cf5dcbd159261.jpg,640,640,School-Uniform-xN2H,245,118,498,580
406921431_352851904021826_6657135762719109452_n_jpg.rf.6815e473046f3d5671e99ed40bd49772.jpg,640,640,School-Uniform-xN2H,0,39,628,585
6d6d6be0-4d9f-480e-bafd-b52cb856b1c2_jpeg.rf.6b44cb1f91c7b590a19316463ccf2670.jpg,640,640,School-Uniform-xN2H,182,66,426,640
951b77b8-70fa-443e-9779-c6c8d5bde88d_jpeg.rf.6710cdd88c20db1bb4cc4dc5e2f8d8e9.jpg,640,640,School-Uniform-xN2H,153,91,482,640
e5ab21e3-1716-4bd5-b895-ec0b835bf9fc_jpeg.rf.6f23fbcd4dd22cbf6a9ded7617541bdd.jpg,640,640,School-Uniform-xN2H,31,145,603,450
377757342_1068378347491689_3643165495501383850_n_jpg.rf.6944d925c2c81c23e231294c22a97b1b.jpg,640,640,School-Uniform-xN2H,0,99,470,585
f11481dc-f9f8-4204-bf1b-59a57d68e832-1-_jpeg.rf.7116fba4e5daad2ca01ee7addfd552b6.jpg,640,640,School-Uniform-xN2H,126,261,553,518
ba2748f7-391f-4501-973a-63d13721d511_jpeg.rf.6e79a7a181d5a748b52919784b6e08bc.jpg,640,640,School-Uniform-xN2H,204,7,596,567
6d6d6be0-4d9f-480e-bafd-b52cb856b1c2_jpeg.rf.6ede2003938e38c693df783f42e92477.jpg,640,640,School-Uniform-xN2H,33,147,640,535
3c6cb03a-d18c-4067-843b-bdef5979cdeb_jpeg.rf.6aa10d1b2e69b5248098f2522942edf1.jpg,640,640,School-Uniform-xN2H,86,281,520,534
400611925_637026461931511_6464223939886065643_n_jpg.rf.7371052ff0c9d028b95378a8ec85e893.jpg,640,640,Not School Uniform,79,0,498,622
3c6cb03a-d18c-4067-843b-bdef5979cdeb_jpeg.rf.760dbd47433ff130852116fd731753e0.jpg,640,640,School-Uniform-xN2H,57,93,365,559
d40f41eb-c8c5-45f3-ba70-2d321bcb2125_jpeg.rf.6e14817d65cb4023de6d924ce7f39194.jpg,640,640,School-Uniform-xN2H,0,141,574,518
0f34bc4e-627a-49dd-822a-9272ab714601_jpeg.rf.79367d11047e382b297e20c62ddbf9ce.jpg,640,640,School-Uniform-xN2H,102,12,480,622
377741368_1000517847875725_7217108193044298749_n_jpg.rf.79e324c50f1546d0022a6a50be7847a7.jpg,640,640,Not School Uniform,116,30,518,400
387333568_1032992341094911_3329183200319955498_n_jpg.rf.7276071a03cb725b2086b997e68bf23a.jpg,640,640,Not School Uniform,243,299,364,509
41298d25-3b10-4197-9cea-0ee34108b59e_jpeg.rf.761795d30d260cd669ddd983271a0a76.jpg,640,640,School-Uniform-xN2H,0,96,551,497
41298d25-3b10-4197-9cea-0ee34108b59e_jpeg.rf.761795d30d260cd669ddd983271a0a76.jpg,640,640,School-Uniform-xN2H,164,0,557,186
403408877_295963910100294_4586764287916556520_n_jpg.rf.78d9147f41622b6ba575e2098e5898a6.jpg,640,640,School-Uniform-xN2H,165,77,418,510
058b9434-abca-4da4-a790-e7c6321b57e7_jpeg.rf.71c640f4919a8699ca34a53758b2228c.jpg,640,640,School-Uniform-xN2H,111,180,544,437
058b9434-abca-4da4-a790-e7c6321b57e7_jpeg.rf.759aef26a7dcbeaaac176974ad261e5f.jpg,640,640,School-Uniform-xN2H,232,114,441,516
a541e825-de4b-4f55-b823-ef30ea000c7e_jpeg.rf.72e9543486e7a7134d8b92b166d61e31.jpg,640,640,School-Uniform-xN2H,60,173,571,517
403408877_295963910100294_4586764287916556520_n_jpg.rf.787de90e76eac3ab745d71cbf69ee2d6.jpg,640,640,School-Uniform-xN2H,198,61,493,521
dbf92202-841a-4ec8-b593-2d58b9e9cd0e_jpeg.rf.7b4bd581d0c3de79867afdbaba0887e8.jpg,640,640,School-Uniform-xN2H,163,93,476,640
403632651_317279751089563_5866885261038642361_n_jpg.rf.7ed61a4bf75e7ed12203c1523c9add1a.jpg,640,640,Not School Uniform,287,295,436,571
ae5122fa-7061-45a9-8f61-056d57742317_jpeg.rf.7b1c710c5809cac990107f6f96b39955.jpg,640,640,School-Uniform-xN2H,100,223,579,456
404680972_313474311613996_1822019659450299110_n_jpg.rf.7b639212afa837cd94cc7b035307d039.jpg,640,640,School-Uniform-xN2H,0,204,265,560
404680972_313474311613996_1822019659450299110_n_jpg.rf.7b639212afa837cd94cc7b035307d039.jpg,640,640,School-Uniform-xN2H,171,205,329,473
404680972_313474311613996_1822019659450299110_n_jpg.rf.7b639212afa837cd94cc7b035307d039.jpg,640,640,School-Uniform-xN2H,244,192,402,450
404680972_313474311613996_1822019659450299110_n_jpg.rf.7b639212afa837cd94cc7b035307d039.jpg,640,640,School-Uniform-xN2H,344,180,502,452
404680972_313474311613996_1822019659450299110_n_jpg.rf.7b639212afa837cd94cc7b035307d039.jpg,640,640,School-Uniform-xN2H,455,133,640,441
d45f2d62-6387-453b-8d30-f6ec597f6709_jpeg.rf.7c6d8ea12604e8a5df26529e609c5221.jpg,640,640,School-Uniform-xN2H,172,113,372,606
555_jpg.rf.7f1d79dd213cebca20f448f4371e82ea.jpg,640,640,School-Uniform-xN2H,20,0,573,535
ba2748f7-391f-4501-973a-63d13721d511_jpeg.rf.8049b449336bc81ded04b6ed77c7b65f.jpg,640,640,School-Uniform-xN2H,204,38,573,563
386440996_267963692571381_568397726139512342_n_jpg.rf.7c15adf24a1f69edc784836ef56a9605.jpg,640,640,School-Uniform-xN2H,201,188,413,509
403632651_317279751089563_5866885261038642361_n_jpg.rf.808225e5f3a96cad97f362057fd2b864.jpg,640,640,Not School Uniform,57,290,368,494
a9139e4c-e6be-4d21-bf89-ce3db96cdcb5_jpeg.rf.81c2f49ef93c080540e8f46f0f3f625c.jpg,640,640,School-Uniform-xN2H,45,131,618,518
e1fc0ef5-423a-4539-a821-1414a764b87f_jpeg.rf.82b27071307f5e6115bd58ffbaac5252.jpg,640,640,School-Uniform-xN2H,0,225,584,447
d1da2e5a-72e7-4aea-a593-b39efcd35214_jpeg.rf.8239d882b5b09511c47ec702e58270b0.jpg,640,640,School-Uniform-xN2H,50,166,607,492
403410627_884290006554590_2579999332466115944_n_jpg.rf.7b17b9277db4a159710f15c8398c5575.jpg,640,640,School-Uniform-xN2H,54,63,472,482
c8b762b8-24c5-4dc8-bc66-711b553222a2_jpeg.rf.831f2196246f632d89bfdf323f18a162.jpg,640,640,School-Uniform-xN2H,199,55,441,537
377757342_1068378347491689_3643165495501383850_n_jpg.rf.8782d62e822c8d19565c62bd3772c160.jpg,640,640,School-Uniform-xN2H,16,29,477,471
3540da17-60b2-47ea-9955-be5db4bc77ea_jpeg.rf.8809bd417329b45de26be3ad5c64bbc1.jpg,640,640,School-Uniform-xN2H,214,78,416,571
45152b32-87fe-4913-ba3e-4b4d78490eb6_jpeg.rf.768e22e379b678aaae4bbb44e4552338.jpg,640,640,School-Uniform-xN2H,170,88,428,541
399994730_634094708891353_8786120472622725600_n_jpg.rf.7c4b5a0da966a06a7b07f275af5a5d56.jpg,640,640,Not School Uniform,171,102,439,521
db1ee5da-0625-4a10-a8fd-165e220c9205_jpeg.rf.8687926c48163efeef80e8c31886840c.jpg,640,640,School-Uniform-xN2H,215,234,322,413
406532654_730732318504296_5813282765576236486_n_jpg.rf.87190a7a93edbbfa23fd72733c6cf85e.jpg,640,640,School-Uniform-xN2H,183,164,640,493
387221408_618666627100828_8230386884351766783_n_jpg.rf.871aa04a65f0598596ee4d6a0213af2e.jpg,640,640,School-Uniform-xN2H,0,61,433,549
5df71720-7913-485b-abca-5d24531065e5_jpeg.rf.8258760d44bf5ae43f6d89590466b1ac.jpg,640,640,School-Uniform-xN2H,107,0,450,571
377793814_851750192855997_5072195858247167056_n_jpg.rf.862860ba85ee09147c7606cb8a8bfa8a.jpg,640,640,Not School Uniform,287,167,507,487
555_jpg.rf.888b2c4bc3596e84e587c3715c637627.jpg,640,640,School-Uniform-xN2H,79,153,529,618
406034740_369392085661821_5431596398266483292_n_jpg.rf.885a422b2a31d5634c9ad409bc2ed5de.jpg,640,640,School-Uniform-xN2H,64,181,510,453
280a534f-8bfe-43a1-bb19-7e87eea51347_jpeg.rf.893bff4c4c035e45f76d66707628703d.jpg,640,640,School-Uniform-xN2H,191,44,534,548
280a534f-8bfe-43a1-bb19-7e87eea51347_jpeg.rf.893bff4c4c035e45f76d66707628703d.jpg,640,640,School-Uniform-xN2H,177,250,268,446
6000a7b5-d6e1-40a7-b260-8a7cef0788bf_jpeg.rf.8d3611683f3b426109cb434bd21dd98f.jpg,640,640,School-Uniform-xN2H,107,179,568,426
a15152d3-6398-41f1-bc89-1a1c15a5c688_jpeg.rf.881711731a24594ceb1a2adb9f7e5da1.jpg,640,640,School-Uniform-xN2H,224,0,564,640
400611925_637026461931511_6464223939886065643_n_jpg.rf.8be97b4a4de547e224eba2dabfdb61a4.jpg,640,640,Not School Uniform,0,155,640,618
cf13f9fd-4996-49d5-9667-66c4f6cbb1ad_jpeg.rf.8bc4132490481cf09b0e6d0c3a34da20.jpg,640,640,School-Uniform-xN2H,70,10,640,495
403604121_196205183568530_5500918858781698222_n_jpg.rf.8b4239990559cd99eff2610dc2b7bd40.jpg,640,640,School-Uniform-xN2H,0,119,425,490